Data,Values
0.0,0.5074626865671641
0.25,0.7462686567164178
0.5,0.1492537313432836
0.75,0.0
1.0,1.0
